title,category,location,price,buildingName,city,metaTitle,metaDescription,shortDescription,fullDescription,appDescription,address,tag,url,author,status,thumbnail
AEON at Dubai Creek Harbour,Residential,Creek Beach,"3,197,888",AEON,Dubai,,,,,,,,,,,
Oria at Dubai Creek harbour,Residential,Creek Beach,1.7 Mn,ORIA,Dubai,,,Oria at Dubai Creek Harbour by Emaar is a premium waterfront residential development located,"Oria at Dubai Creek Harbour by Emaar is a premium waterfront residential development located
in the heart of Creek Beach, Dubai. Offering luxury I, 2, and 3-bedroom apartments, Oria
combines modern architecture, prime location, and strong investment potential — making it one
of the most sought-after properties in Dubai real estate today.Experience elevated waterfront living at Dubai Creek Harbour, one of Dubai's most prestigious
master-planned communities. Oria offers residents direct access to Creek Beach, scenic
waterfront promenades, and lush green parks — delivering a lifestyle that blends urban
convenience with natural tranquility.
With proximity to Central Park, Marina Boulevard, and Harbour Promenade, Oria stands out as
a top choice for buyers searching for waterfront apartments in Dubai and luxury homes near
the beach.",,,,,,,
CReek Edge,Residential,DUBAI CREEK HARBOUR,3.1 MN,Creek Edge,Dubai,,,"Creek Edge at Dubai Creek Harbour by Emaar is a premium waterfront residential development located on the iconic Creek Island. Featuring two elegant high-rise towers, Creek Edge offers luxury 1, 2, and 3-bedroom apartments with uninterrupted views of Dubai Creek and the skyline — making it one of the most desirable waterfront properties in Dubai and a strong real estate investment opportunity in Dubai.","Creek Edge at Dubai Creek Harbour by Emaar is a premium waterfront residential development located on the iconic Creek Island. Featuring two elegant high-rise towers, Creek Edge offers luxury 1, 2, and 3-bedroom apartments with uninterrupted views of Dubai Creek and the skyline — making it one of the most desirable waterfront properties in Dubai and a strong real estate investment opportunity in Dubai. Creek Edge brings a new perspective to waterfront living in Dubai. Positioned along the vibrant Creek Island promenade, residents can enjoy marina lifestyle experiences, waterfront dining, and scenic walking paths — all within a serene and private environment.
Wake up to breathtaking views of Dubai Creek, Burj Khalifa, and the city skyline, making it a top choice for buyers seeking luxury waterfront apartments in Dubai Creek Harbour.",,,,,,,
SURF,Residential,DUBAI CREEK HARBOUR,1.1M,Surf,Dubai,,,"Surf at Creek Beach by Emaar is a premium beachfront residential development located in Dubai Creek Harbour. Designed as a unique urban beach destination, Surf offers luxury 1, 2, and 3-bedroom apartments","Surf at Creek Beach by Emaar is a premium beachfront residential development located in Dubai Creek Harbour. Designed as a unique urban beach destination, Surf offers luxury 1, 2, and 3-bedroom apartments with direct beach access, modern architecture, and resort-style amenities making it one of the most attractive options for beachfront apartments in Dubai and Dubai real estate investment opportunities. Surf is perfectly positioned just steps away from Creek Beach, offering residents a rare blend of city convenience and beachside tranquility. With a 300-meter stretch of pristine beach, waterfront promenades, and vibrant leisure spaces, it creates a lifestyle that feels like a year-round vacation.
From relaxing by the beach to enjoying waterfront dining and entertainment, Surf stands out among the best luxury beachfront properties in Dubai Creek Harbour.",,,,,,,
CReek Palace,Residential,CREEK HARBOUR,0,Creek Palace,Dubai,,,Creek Palace at Dubai Creek Harbour by Emaar is a luxury branded residential development offering elegant waterfront apartments and exclusive villas. ,"Creek Palace at Dubai Creek Harbour by Emaar is a luxury branded residential development offering elegant waterfront apartments and exclusive villas. Located on the iconic Creek Promenade and adjacent to the Palace Hotel, this project delivers a unique blend of private living and 5-star hospitality — making it a top choice for buyers seeking luxury waterfront apartments in Dubai and premium real estate investment opportunities.

Creek Palace introduces a new level of branded living in Dubai. Residents enjoy direct access to Palace Hotel services, fine dining, and luxury hospitality experiences — bringing a resort-style lifestyle into everyday living.
Set along the waterfront promenade, it offers a vibrant lifestyle surrounded by retail, dining, and leisure options — making it ideal for those looking for branded residences in Dubai Creek Harbour.",,,,,,,
Dubai Creek Residences at Diubai Creek Harbour,Residential,DUBAI CREEK HARBOUR,0,Dubai Creek Residences ,Dubai,,,"Dubai Creek Residences by Emaar is a landmark waterfront residential development located on Creek Island, Dubai Creek Harbour. Featuring six modern towers, the project offers luxury 1, 2, and 3-bedroom apartments with stunning views of the Creek Marina","Dubai Creek Residences by Emaar is a landmark waterfront residential development located on Creek Island, Dubai Creek Harbour. Featuring six modern towers, the project offers luxury 1, 2, and 3-bedroom apartments with stunning views of the Creek Marina, Dubai skyline, and waterfront — making it a top choice for buyers seeking ready-to-move apartments in Dubai and high-value Dubai real estate investment opportunities.

Iconic Waterfront Living in Dubai Creek Harbour
Dubai Creek Residences delivers a premium marina lifestyle in one of Dubai’s most prestigious communities. Positioned at the edge of Creek Island, residents enjoy uninterrupted views of the yacht club, waterfront promenade, and the iconic Dubai skyline.
With direct access to Creek Marina, Island Park, and Creek Beach, the project is ideal for those searching for luxury waterfront apartments in Dubai Creek Harbour and marina-facing homes in Dubai.",,,,,,,
CReek rise at Dubai Creek Harbour,Residential,DUBAI CREEK HARBOUR,0,CReek rise ,Dubai,,,"Dubai Creek Residences by Emaar is a landmark waterfront residential development located on Creek Island, Dubai Creek Harbour. Featuring six modern towers, the project offers luxury 1, 2, and 3-bedroom apartments with stunning views","Dubai Creek Residences by Emaar is a landmark waterfront residential development located on Creek Island, Dubai Creek Harbour. Featuring six modern towers, the project offers luxury 1, 2, and 3-bedroom apartments with stunning views of the Creek Marina, Dubai skyline, and waterfront — making it a top choice for buyers seeking ready-to-move apartments in Dubai and high-value Dubai real estate investment opportunities.

Iconic Waterfront Living in Dubai Creek Harbour
Dubai Creek Residences delivers a premium marina lifestyle in one of Dubai’s most prestigious communities. Positioned at the edge of Creek Island, residents enjoy uninterrupted views of the yacht club, waterfront promenade, and the iconic Dubai skyline.
With direct access to Creek Marina, Island Park, and Creek Beach, the project is ideal for those searching for luxury waterfront apartments in Dubai Creek Harbour and marina-facing homes in Dubai.",,,,,,,
Creek Horizon,Residential,DUBAI CREEK HARBOUR,0,CReek Horizon,Dubai,,,"Designed to deliver the pinnacle of Dubai living, all Creek Horizon’s homes feature outstanding finishing and large windows and balconies that melt away the barriers between indoor living environments and the spectacular views beyond.","Creek Horizon at Dubai Creek Harbour by Emaar is a premium twin-tower residential development located on Creek Island. Offering luxury 1, 2, and 3-bedroom apartments and exclusive penthouses, the project features breathtaking views of Dubai Creek, Central Park, and the iconic skyline — making it a top choice for buyers seeking waterfront apartments in Dubai and high-value Dubai real estate investment opportunities.

Elevated Waterfront Living in Dubai
Creek Horizon brings together urban sophistication and natural serenity. Overlooking the marina and adjacent to Central Park, residents enjoy a vibrant lifestyle surrounded by waterfront promenades, green landscapes, and leisure attractions.
With panoramic views of Burj Khalifa, Downtown Dubai, and Ras Al Khor Wildlife Sanctuary, it stands out among the most desirable luxury apartments in Dubai Creek Harbour.",,,,,,,
Vida Residences Creek Beach,Residential,DUBAI CREEK HARBOUR,1.5 Million,Vida Residences,Dubai,,,"Spectacularly located on the beach, VIDA RESIDENCES — our latest launch in CREEK BEACH — is a 33-storey branded high-rise tower adjacent to the award-winning Vida Hotel","Vida Residences at Creek Beach by Emaar is a premium branded residential development offering luxury beachfront apartments in Dubai Creek Harbour. Located in the vibrant Creek Beach district, this 33-storey high-rise tower combines modern living with hotel-style services — making it a top choice for buyers seeking branded residences in Dubai and high-return Dubai real estate investment opportunities.

Branded Living with Vida Hotel Experience
Vida Residences brings the signature lifestyle of Vida Hotels into everyday living. Positioned adjacent to the award-winning Vida Hotel, residents enjoy access to premium hospitality services, including concierge, valet parking, and exclusive hotel privileges.
This unique concept makes it ideal for those searching for hotel-branded apartments in Dubai Creek Harbour and a lifestyle that blends luxury with convenience.
",,,,,,,
The Cove,Residential,Dubai Creek Harbour,0,The Cove,Dubai,,,"At Cove, you can have it all: a cutting-edge lifestyle and a rich heritage; fine dining and down-to-earth pleasures; a vibrant nightlife and quiet evenings; a connection to nature while still close to the city.","The Cove at Dubai Creek Harbour by Emaar is a premium waterfront residential development located on the southern tip of Creek Island. Offering a mix of luxury apartments, duplexes, and townhouses, The Cove delivers a refined lifestyle with uninterrupted views of Dubai Creek, skyline, and lush landscapes — making it a prime choice for buyers seeking waterfront properties in Dubai and high-growth Dubai real estate investment opportunities.

A True Waterfront Lifestyle Experience
The Cove is designed for those who value serene waterfront living combined with vibrant urban energy. Positioned along the historic Dubai Creek, residents enjoy scenic promenades, marina access, and breathtaking sunset views every day.
With proximity to the Creek Marina Yacht Club, waterfront dining, and leisure experiences, it stands out among the most desirable luxury waterfront apartments in Dubai Creek Harbour.",,,,,,,
Harbour Views,Residential,Dubai Creek Harbour,0,Harbour Views,Dubai,,,"The statuesque Harbour Views are the tallest twin towers on Creek Island. Home to more than 750 one-, two- and three-bedroom glass-fronted apartments, the premium residences soar 51 floors above the historic Dubai Creek, the cradle of Dubai's history.","Harbour Gate at Dubai Creek Harbour by Emaar is a premium twin-tower residential development located on Creek Island. Offering luxury 1, 2, and 3-bedroom apartments with stunning views of Dubai Creek, Central Park, and the skyline, Harbour Gate is a perfect blend of waterfront serenity and urban connectivity — making it a top choice for buyers seeking luxury apartments in Dubai Creek Harbour and high-value Dubai real estate investment opportunities.

A Perfect Balance of Park & Waterfront Living
Harbour Gate is uniquely positioned between lush green parklands and the shimmering waters of Dubai Creek. Residents enjoy a tranquil lifestyle surrounded by nature, while still being connected to vibrant retail, dining, and leisure experiences.
With direct access to Central Park, scenic walkways, and waterfront promenades, it stands out among the most desirable waterfront apartments in Dubai and parkside homes in Dubai Creek Harbour.",,,,,,,
Creek Gate at Dubai Creek Harbour,Residential,Dubai Creek Harbour,0,Creek gate,Dubai,,,"Step out of Creek Gate’s high-rises and discover a flourishing waterfront hotspot, where Dubai’s past and future effortlessly intertwine in a fabulous feast for the senses. Comprising contemporary one, two and three-bedroom apartments, Creek Gate homes enjoy spectacular views and alluring leisure and recreational facilities.","Creek Gate at Dubai Creek Harbour by Emaar is a premium twin-tower residential development located on the iconic Creek Island. Offering luxury 1, 2, and 3-bedroom apartments with panoramic views of Dubai Creek, Central Park, and the skyline, Creek Gate is a perfect blend of waterfront living and urban convenience — making it a top choice for buyers seeking luxury apartments in Dubai Creek Harbour and high-potential Dubai real estate investment opportunities.

A Vibrant Waterfront Lifestyle
Creek Gate offers a unique lifestyle where Dubai’s heritage meets modern urban living. Residents can step out into a lively waterfront destination featuring promenades, marina access, retail outlets, and leisure attractions — all within walking distance.
With close proximity to Creek Beach, Island Park, and Creek Marina, it stands out among the most desirable waterfront apartments in Dubai and luxury homes near Creek Beach.",,,,,,,
Cedar at Dubai Creek Harbour,Residential,Dubai Creek Harbour,01.29M,Cedar,Dubai,,,"Cedar at Creek Beach by Emaar is a premium low-rise residential development located in the heart of Dubai Creek Harbour. Offering stylish 1, 2, and 3-bedroom apartment","Cedar at Creek Beach by Emaar is a premium low-rise residential development located in the heart of Dubai Creek Harbour. Offering stylish 1, 2, and 3-bedroom apartments, Cedar combines beachfront living, lush green surroundings, and modern architecture — making it an ideal choice for buyers seeking beachfront apartments in Dubai and high-potential Dubai real estate investment opportunities.

A Relaxed Beachside Lifestyle in Dubai
Cedar is designed to offer a serene, resort-style lifestyle within the vibrant Creek Beach community. Residents enjoy direct access to a private beach, waterfront promenades, and landscaped parks — creating a unique balance between relaxation and urban living.
With its peaceful surroundings and pedestrian-friendly design, Cedar stands out among the most desirable luxury apartments in Dubai Creek Harbour.",,,,,,,
CReek Waters,,Dubai Creek Harbour,1.6M,Creek Water,Dubai,,,"Combining modern architecture with innovative landscaping, Creek Waters sets a new standard for the high-rise island living experience. A natural haven in the heart of Dubai Creek’s new urban face. Sophisticated in its urban design, Creek Waters exemplifies the concept of bringing together in one place the best features of upmarket residential areas, boasting at the same time some of the best views in the whole Dubai Creek area.","Creek Waters at Dubai Creek Harbour by Emaar is a landmark ultra-luxury waterfront development offering premium apartments, townhouses, and exclusive penthouses. Located on Creek Island, this high-rise residential address redefines modern urban living with stunning skyline and creek views — making it a top choice for buyers seeking luxury waterfront apartments in Dubai and high-value Dubai real estate investment opportunities.

A New Benchmark for Waterfront Living
Creek Waters sets a new standard for high-rise island living, combining contemporary architecture with innovative landscaping. Designed as a serene yet vibrant urban destination, it offers residents a perfect balance of nature, luxury, and city life.
With panoramic views of Dubai Creek, skyline, and marina, it stands out among the most desirable waterfront properties in Dubai Creek Harbour.",,,,,,,
